{
  "IdentiDecla": {
    "rfcdeclarante": "MUBL8610188E5",
    "rolvigente": "1|9|44|46|300031|300155|300429|",
    "regvigente": "605|612|",
    "oblvigente": "3|9|33|203|579|",
    "verformu": "13",
    "fechapresentacion": "2025-01-13T18:46:21",
    "ejercicio": 2024,
    "numerooperacion": 250900000007,
    "iddeclaracion": "2C3D4B50-A5BE-4C6F-B39F-B04162756836",
    "metodoautenticacion": "cpn/uat/contrib/contrasena",
    "bo_id": "1198790518788561510252512286580",
    "esquemajsondwh": "1.0.0.26"
  },
  "Contribuyente": {
    "tipopersona": "F",
    "apellidopaterno": "HERNANDEZ",
    "apellidomaterno": "GRAY",
    "nombre": "GERMAN",
    "iddescon": "O-058",
    "descdescon": "COAHUILA DE ZARAGOZA 2",
    "idactprep": "2319",
    "descactprep": "Asalariado",
    "identfed": "05",
    "descentfed": "COAHUILA DE ZARAGOZA",
    "idmunic": "05-035",
    "descmunic": "TORREON",
    "codigopostal": "27054"
  },
  "Declaracion": {
    "idperiodo": "010",
    "descperiodo": "Octubre",
    "idperiodic": "M",
    "descperiodic": "1-Mensual",
    "idtipodecla": "003",
    "desctipodecla": "Normal por Corrección Fiscal",
    "idtipocomplem": "0",
    "fechavencimiento": "2024-12-05",
    "totalpagar": 231403,
    "lineacaptura": "04250001090045033226",
    "fechavencilc": "2025-02-09T00:00:00",
    "mediopresenta": "Internet ",
    "firma": "false",
    "fechadecausacion": "2024-12-05T06:00:00"
  },
  "AdminDeclaracion": [
    {
      "idconceptopago": "0161",
      "descconceptopago": "ISR Personas físicas Actividad empresarial y profesional",
      "impoconceptopago": 231403,
      "Concepto": {
        "Pago": {
          "acargo": 74842634,
          "parteactualizada": 284402,
          "recargos": 1104367,
          "totalcontribuciones": 76231403,
          "subsidioparaempleo": 76000000,
          "tienescompensacionesporaplicar": 2,
          "tienesestimulosporaplicar": 2,
          "totalaplicaciones": 76000000,
          "realizoult48pagoconcepto": 0,
          "cantidadacargo": 231403,
          "optapagarparcialidades": 0,
          "cantidadapagar": 231403,
          "tiposolicitud": 0,
          "DetMontoPagadoLineaCapturaADR": [],
          "totalmontoantadrs": 0,
          "deseaagregarlineanoconciderada": 0
        },
        "Compensaciones": [],
        "Estimulos": [],
        "Deducciones": {
          "ComprasYGastosPeriodo": 181812119,
          "DeduccionesInversionesPeriodo": 26250,
          "EstimulosDiminuir": 2900,
          "TotalDeduccionesAutorizadas": 181878750,
          "Gastosnominaperiodonoconsideprellenado": 30881,
          "DetComprasYGastosDelPeriodo": {
            "comprasygastosfacturados": 3618121182,
            "devolucionesdtosbonificaciones": 64783592,
            "comprasgastosnodeduciblesmes": 3500000000,
            "comprasgastosnoprellenado": 1500,
            "comprasygastosmes": 182906274,
            "factegresoscomprasygastosmes": 1094155,
            "comprasygastosdeduciblesmes": 181812119,
            "comprasygastosmesesantpagadas": 0,
            "comprasygastosperiodo": 181812119,
            "DetComprasYGastosFacturados": {
              "DetComprasYGastosFacturadosDelMes": [
                {
                  "mes": "010",
                  "numfacturascanceladas": 20,
                  "numfacturasvigentes": 6,
                  "subtotal": 3691309081,
                  "descuento": 73187900,
                  "subtotaldescuento": 3618121182,
                  "mestipopago": "010",
                  "numfactcanpago": 0,
                  "numfactvigpago": 1
                }
              ]
            },
            "DetDescBoniFacturadasMes": {
              "mes": "010",
              "numfacturascanceladas": 0,
              "numfacturasvigentes": 6,
              "subtotal": 3217442065,
              "descuento": 63827497,
              "subtotaldescuento": 3153614568,
              "mes2": "010",
              "numfacturascanceladas2": 0,
              "numfacturasvigentes2": 1,
              "subtotal2": 956095,
              "descuento2": 0,
              "subtotaldescuento2": 956095,
              "descuentofacturastipoingreso": 63827497,
              "subtotaldtofacturasegreso": 956095,
              "devolucionesdtosbonificacionesmes": 64783592
            },
            "DetFacturasEgresosRecibidas": {
              "factsegresoscomprasygastosmes": 1094155
            },
            "DetComprasYGastosMeses": {},
            "DetInversionesPeriodo": {
              "inversionesmesesantpagadas": 19450,
              "deduccioninversionesmes": 6800,
              "deduccionesinversionesperiodo": 26250,
              "DetInversionesPeriodos": [
                {
                  "mes": "001",
                  "estatus": "ED03"
                },
                {
                  "mes": "002",
                  "estatus": "ED03"
                },
                {
                  "mes": "003",
                  "estatus": "ED03"
                },
                {
                  "mes": "004",
                  "estatus": "ED03"
                },
                {
                  "mes": "005",
                  "estatus": "ED03"
                },
                {
                  "mes": "006",
                  "estatus": "ED03"
                },
                {
                  "mes": "007",
                  "estatus": "ED03"
                },
                {
                  "mes": "008",
                  "inversiones": 12500,
                  "estatus": "ED04"
                },
                {
                  "mes": "009",
                  "inversiones": 6950,
                  "estatus": "ED04"
                }
              ]
            },
            "DetEstimulos": {
              "DetEstimulosDisminuir": [
                {
                  "tipoestimulo": "EDA8",
                  "estimuloautorizadoenperiodo": 3600,
                  "poraplicarenperiodo": 1500
                },
                {
                  "tipoestimulo": "EDA6",
                  "estimuloautorizadoenperiodo": 1400,
                  "poraplicarenperiodo": 1400
                }
              ]
            }
          },
          "DetGastosNomNoConsEnPrellenado": [
            {
              "mes": "001",
              "estatus": "ED03",
              "gastonominamesantedeclapagadas": 24581,
              "gastosnominames": 6300,
              "gastosnominaperiodo": 30881
            },
            {
              "mes": "002",
              "estatus": "ED03",
              "gastonominamesantedeclapagadas": 24581,
              "gastosnominames": 6300,
              "gastosnominaperiodo": 30881
            },
            {
              "mes": "003",
              "estatus": "ED03",
              "gastonominamesantedeclapagadas": 24581,
              "gastosnominames": 6300,
              "gastosnominaperiodo": 30881
            },
            {
              "mes": "004",
              "estatus": "ED03",
              "gastonominamesantedeclapagadas": 24581,
              "gastosnominames": 6300,
              "gastosnominaperiodo": 30881
            },
            {
              "mes": "005",
              "estatus": "ED03",
              "gastonominamesantedeclapagadas": 24581,
              "gastosnominames": 6300,
              "gastosnominaperiodo": 30881
            },
            {
              "mes": "006",
              "estatus": "ED03",
              "gastonominamesantedeclapagadas": 24581,
              "gastosnominames": 6300,
              "gastosnominaperiodo": 30881
            },
            {
              "mes": "007",
              "estatus": "ED03",
              "gastonominamesantedeclapagadas": 24581,
              "gastosnominames": 6300,
              "gastosnominaperiodo": 30881
            },
            {
              "mes": "008",
              "gastonomina": 15200,
              "estatus": "ED04",
              "gastonominamesantedeclapagadas": 24581,
              "gastosnominames": 6300,
              "gastosnominaperiodo": 30881,
              "NumeroOperacionPrellenado": 250890000001
            },
            {
              "mes": "009",
              "gastonomina": 9381,
              "estatus": "ED04",
              "gastonominamesantedeclapagadas": 24581,
              "gastosnominames": 6300,
              "gastosnominaperiodo": 30881,
              "NumeroOperacionPrellenado": 250810000007
            }
          ],
          "deduinminver": 6600,
          "tienesfaciliadmestiaplicar": 1,
          "DetDeduccionesInversiones": []
        },
        "DeterminacionRCPF": {
          "BaseGravable": 214232645,
          "ISRRetenido": 0,
          "ImpuestoCargo": 74842634,
          "DetIngresosCobradosYAmparados": {
            "DetIngresosCobradosYAmparadosTot": []
          },
          "DetISRRetenidoPF": {
            "DetISRRetenidoTot": [
              {
                "isretenidomesant": 0,
                "isrretmes": 0
              }
            ],
            "totalisrretenido": 0
          },
          "pagoprovefecconant": 0,
          "DetPagosProvisionalesAnt": {
            "DetPagosProvisionalesAnterioridad": [
              {
                "mes": "001",
                "estatus": "ED03"
              },
              {
                "mes": "002",
                "estatus": "ED03"
              },
              {
                "mes": "003",
                "estatus": "ED03"
              },
              {
                "mes": "004",
                "estatus": "ED03"
              },
              {
                "mes": "005",
                "estatus": "ED03"
              },
              {
                "mes": "006",
                "estatus": "ED03"
              },
              {
                "mes": "007",
                "estatus": "ED03"
              },
              {
                "mes": "008",
                "acargo": 61717048,
                "parteactualizada": 635686,
                "recargos": 3666341,
                "totalcontribuciones": 66019075,
                "totalaplicaciones": 66019075,
                "realizoenultimas48horaspago": 0,
                "cantidadcargo": 0,
                "estatus": "ED04",
                "NumeroOperacionPrellenado": 250890000001,
                "FechaPresentacionPrellenado": "2025-01-03"
              },
              {
                "mes": "009",
                "acargo": 88540232,
                "parteactualizada": 867694,
                "recargos": 3942890,
                "totalcontribuciones": 93350816,
                "totalaplicaciones": 93350816,
                "realizoenultimas48horaspago": 0,
                "cantidadcargo": 0,
                "estatus": "ED04",
                "NumeroOperacionPrellenado": 250810000007,
                "FechaPresentacionPrellenado": "2025-01-09"
              }
            ],
            "pagosprovefectconantsolopagadas": 0
          },
          "DetEstimulosISRCausado": {
            "detestimulosisrcausado": [],
            "montlimiestimaaplicar": 74844634,
            "totalporaplicarenelperiodo": 2000
          },
          "DetParticipacionesTrabajadores": {
            "montolimiteptu": 214385907,
            "ptupagadomesant": 0,
            "ptupagadomes": 1262,
            "ptuacumuladaaaplicarenelperiodo": 1262,
            "ptuacumuladaenperiodos": [
              {
                "mes": "001",
                "estatus": "ED03"
              },
              {
                "mes": "002",
                "estatus": "ED03"
              },
              {
                "mes": "003",
                "estatus": "ED03"
              },
              {
                "mes": "004",
                "estatus": "ED03"
              },
              {
                "mes": "005",
                "estatus": "ED03"
              },
              {
                "mes": "006",
                "estatus": "ED03"
              },
              {
                "mes": "007",
                "estatus": "ED03"
              },
              {
                "mes": "008",
                "ptupagada": 0,
                "estatus": "ED04",
                "NumeroOperacionPrellenado": 250890000001,
                "FechaPresentacionPrellenado": "2025-01-03"
              },
              {
                "mes": "009",
                "ptupagada": 1262,
                "estatus": "ED04",
                "NumeroOperacionPrellenado": 250810000007,
                "FechaPresentacionPrellenado": "2025-01-09"
              }
            ]
          },
          "Totingdelper": 396264657,
          "totdeduautorizadas": 181878750,
          "participaciontrabajadoresutilidades": 1262,
          "perdidafiscalesejercanteraplicanenelperio": 152000,
          "totalptudisminuir": 1262,
          "Impuestocausado": 74844634,
          "tieneestimuloaplicar": "1",
          "estimuloimpcausado": 2000,
          "Impuestoperiodo": 74842634,
          "montocausadotasa16": 2900,
          "impuestocausadotasa16": 464,
          "impacargoestimacreditablemenosprov": 464,
          "DetEstimuloISRRegionFronteriza": {},
          "DetPerdidasFiscalesEjerciciosAnterioresPendientesAplicar": {
            "MontoLimPerdidaAplica": 214384645,
            "PerdidaActualAplicaPeriodo": 152000
          },
          "DetPagosProvRC": [],
          "DetDeduccionInmediataInversionesPF": [
            {
              "Mes": "001",
              "Estatus": "NaN",
              "DedInmInvMesAntDeclaPagadas": 4800,
              "DeduInmInveMes": 1800,
              "DedInmInverPeriodo": 6600,
              "ClaveEntidadorigen": "SAT_1100132",
              "DesEntidadorigen": "Detalle de Deducción inmediata de inversiones"
            },
            {
              "Mes": "002",
              "Estatus": "NaN",
              "DedInmInvMesAntDeclaPagadas": 4800,
              "DeduInmInveMes": 1800,
              "DedInmInverPeriodo": 6600,
              "ClaveEntidadorigen": "SAT_1100132",
              "DesEntidadorigen": "Detalle de Deducción inmediata de inversiones"
            },
            {
              "Mes": "003",
              "Estatus": "NaN",
              "DedInmInvMesAntDeclaPagadas": 4800,
              "DeduInmInveMes": 1800,
              "DedInmInverPeriodo": 6600,
              "ClaveEntidadorigen": "SAT_1100132",
              "DesEntidadorigen": "Detalle de Deducción inmediata de inversiones"
            },
            {
              "Mes": "004",
              "Estatus": "NaN",
              "DedInmInvMesAntDeclaPagadas": 4800,
              "DeduInmInveMes": 1800,
              "DedInmInverPeriodo": 6600,
              "ClaveEntidadorigen": "SAT_1100132",
              "DesEntidadorigen": "Detalle de Deducción inmediata de inversiones"
            },
            {
              "Mes": "005",
              "Estatus": "NaN",
              "DedInmInvMesAntDeclaPagadas": 4800,
              "DeduInmInveMes": 1800,
              "DedInmInverPeriodo": 6600,
              "ClaveEntidadorigen": "SAT_1100132",
              "DesEntidadorigen": "Detalle de Deducción inmediata de inversiones"
            },
            {
              "Mes": "006",
              "Estatus": "NaN",
              "DedInmInvMesAntDeclaPagadas": 4800,
              "DeduInmInveMes": 1800,
              "DedInmInverPeriodo": 6600,
              "ClaveEntidadorigen": "SAT_1100132",
              "DesEntidadorigen": "Detalle de Deducción inmediata de inversiones"
            },
            {
              "Mes": "007",
              "Estatus": "NaN",
              "DedInmInvMesAntDeclaPagadas": 4800,
              "DeduInmInveMes": 1800,
              "DedInmInverPeriodo": 6600,
              "ClaveEntidadorigen": "SAT_1100132",
              "DesEntidadorigen": "Detalle de Deducción inmediata de inversiones"
            },
            {
              "Mes": "008",
              "Inversiones": 2600,
              "Estatus": "NaN",
              "DedInmInvMesAntDeclaPagadas": 4800,
              "DeduInmInveMes": 1800,
              "DedInmInverPeriodo": 6600,
              "NumeroOperacionPrellenado": 250890000001,
              "FechaPresentacionPrellenado": "2025-01-03",
              "ClaveEntidadorigen": "SAT_1100132",
              "DesEntidadorigen": "Detalle de Deducción inmediata de inversiones"
            },
            {
              "Mes": "009",
              "Inversiones": 2200,
              "Estatus": "NaN",
              "DedInmInvMesAntDeclaPagadas": 4800,
              "DeduInmInveMes": 1800,
              "DedInmInverPeriodo": 6600,
              "NumeroOperacionPrellenado": 250810000007,
              "FechaPresentacionPrellenado": "2025-01-09",
              "ClaveEntidadorigen": "SAT_1100132",
              "DesEntidadorigen": "Detalle de Deducción inmediata de inversiones"
            }
          ],
          "Totingdelper2": 396264657,
          "DetPagosProvisionalesEfectuadosPeriodosAnteriores": {
            "DetPagosProvEfecPerAntISRPF": []
          }
        },
        "IngresosRCPF": {
          "IngresosADisminuir": 3257396000,
          "IngresosAdicionales": 0,
          "DetIngresosFacturados": {
            "DetIngresosFacturadosMes": []
          },
          "DetIngresosDisminuir": [
            {
              "concepto": "IAD04",
              "importe": 3257000000
            },
            {
              "concepto": "IAD03",
              "importe": 396000
            }
          ],
          "DetIngresosCobradosMes": [
            {
              "mespue": "010",
              "numfaccanpue": 0,
              "numfacvigpue": 6,
              "subtotalpue": 3217442065,
              "descuentopue": 63827497,
              "subdespue": 3153614568,
              "mestippag": "010",
              "numfaccantippag": 0,
              "numfacvigtippag": 1,
              "ingcobsinimp": 40425370,
              "subtotfacemitiping": 3217442065,
              "ingcobsinimps": 40425370,
              "ingcobmes": 3257867435
            }
          ],
          "DetTotalIngresosPeriodo": [
            {}
          ],
          "DetIngresosNominales": {},
          "Tusingfueobtcoposoccon": 1,
          "Tieingadisdelmes": 1,
          "Tieingadicdelmes": 1,
          "ingdelmes": 473535,
          "ingdemesant": 395791122,
          "DetIngresosExentos": {
            "DetIngresosExentosMes": [
              {}
            ]
          },
          "DetTotalesIngresosCobradosMes": {},
          "DetIngresosMesesAnt": {
            "ingmesesantsolodeclapagadas": 395791122,
            "DetIngresosMesesAnteriores": [
              {
                "mes": "001",
                "estatus": "NaN"
              },
              {
                "mes": "002",
                "estatus": "NaN"
              },
              {
                "mes": "003",
                "estatus": "NaN"
              },
              {
                "mes": "004",
                "estatus": "NaN"
              },
              {
                "mes": "005",
                "estatus": "NaN"
              },
              {
                "mes": "006",
                "estatus": "NaN"
              },
              {
                "mes": "007",
                "estatus": "NaN"
              },
              {
                "mes": "008",
                "ingresos": 177883969,
                "estatus": "NaN",
                "numerooperacionprellenado": 250890000001,
                "fechapresentacionprellenado": "2025-01-03"
              },
              {
                "mes": "009",
                "ingresos": 217907153,
                "estatus": "NaN",
                "numerooperacionprellenado": 250810000007,
                "fechapresentacionprellenado": "2025-01-09"
              }
            ]
          },
          "DetIngresosMes": []
        },
        "DatosAdicionalesRCPF": {
          "ingresosobtenidos": 1,
          "totalingresosobtenidos": 3500000,
          "totalisrpagado": 2050,
          "DetDatosAdicionalesRCPF": [
            {
              "porcentajeparticipacopropiedad": "15.00",
              "totalingresosobtenidosintegrante": 1500,
              "isrpagadoejerciciointegrante": 1200
            },
            {
              "porcentajeparticipacopropiedad": "85.00",
              "totalingresosobtenidosintegrante": 2000,
              "isrpagadoejerciciointegrante": 850
            }
          ]
        }
      }
    }
  ]
}